priority_distance_m,n_pairs,mean_on_s,mean_off_s,improvement_pct,paired_t,p_ttest,p_wilcoxon,cohens_d,significant
50.0,300,50.3,65.58,23.3,-5.0964,1e-06,1e-06,-0.3063,YES *
100.0,300,55.28,65.58,15.7,-3.6205,0.000345,0.000714,-0.205,YES *
150.0,300,54.71,65.58,16.57,-3.653,0.000306,0.000469,-0.2196,YES *
200.0,300,53.81,65.58,17.95,-3.8252,0.000159,0.001407,-0.2378,YES *
